date,platform,campaign,spend,value,clicks,impressions,conversions
2026-09-05,Google,Search - Puzzles - Australia,41.08,101.68,33,320,2.0
2026-09-06,Google,Search - Puzzles - Australia,40.28,177.42,33,250,1.0
2026-09-07,Google,Search - Puzzles - Australia,45.3,216.9,39,274,3.0
2026-09-08,Google,Search - Puzzles - Australia,44.91,0.0,36,291,0.0
2026-09-09,Google,Search - Puzzles - Australia,41.96,0.0,45,307,0.0
2026-09-10,Google,Search - Puzzles - Australia,40.7,0.0,39,319,0.0
2026-09-11,Google,Search - Puzzles - Australia,39.75,0.0,40,239,0.0
2026-09-12,Google,Search - Puzzles - Australia,40.21,39.95,34,316,1.0
2026-09-13,Google,Search - Puzzles - Australia,40.36,0.0,50,305,0.0
2026-09-14,Google,Search - Puzzles - Australia,40.09,0.0,51,314,0.0
2026-09-15,Google,Search - Puzzles - Australia,1.94,0.0,2,33,0.0
