Date,Session default channel group,Sessions,Ecommerce purchases,Purchase revenue
20260724,Cross-network,1,1,156.96
20260724,Direct,17,0,0
20260724,Email,18,0,0
20260724,Organic Search,42,1,56.19
20260724,Organic Shopping,2,0,0
20260724,Organic Social,6,0,0
20260724,Paid Search,52,2,181.82
20260724,Paid Social,10,0,0
20260724,Unassigned,1,0,0
20260725,Cross-network,1,0,0
20260725,Direct,16,0,0
20260725,Email,13,1,74.98
20260725,Organic Search,35,0,0
20260725,Organic Social,3,0,0
20260725,Paid Search,65,0,0
20260725,Paid Social,6,0,0
20260726,Cross-network,2,0,0
20260726,Direct,19,0,0
20260726,Email,12,1,74.98
20260726,Organic Search,42,1,189.88
20260726,Organic Shopping,4,0,0
20260726,Organic Social,6,0,0
20260726,Paid Search,84,3,183.95
20260726,Paid Social,6,1,39.99
20260726,Unassigned,6,0,0
20260727,Cross-network,1,0,0
20260727,Direct,44,0,0
20260727,Email,12,0,0
20260727,Organic Search,49,0,0
20260727,Organic Shopping,2,0,0
20260727,Organic Social,3,0,0
20260727,Paid Search,74,0,0
20260727,Paid Social,7,0,0
20260728,Direct,31,0,0
20260728,Email,333,8,711.39
20260728,Organic Search,36,3,295.46
20260728,Organic Shopping,2,0,0
20260728,Organic Social,3,0,0
20260728,Paid Search,74,0,0
20260728,Paid Social,7,0,0
20260728,Referral,2,0,0
20260728,Unassigned,1,0,0
20260729,Cross-network,52,1,29.66
20260729,Direct,9,0,0
20260729,Email,66,0,0
20260729,Organic Search,20,0,0
20260729,Organic Social,1,0,0
20260729,Paid Search,73,1,115.93
20260729,Paid Shopping,5,0,0
20260729,Paid Social,1,0,0
20260729,Referral,2,0,0
20260729,Unassigned,176,2,61.2
2026-09-05,Organic Search,37,0,0.0
2026-09-05,Paid Search,35,2,101.68
2026-09-05,Direct,15,0,0.0
2026-09-05,Email,14,0,0.0
2026-09-05,Unassigned,3,0,0.0
2026-09-05,Cross-network,2,0,0.0
2026-09-05,Organic Social,2,0,0.0
2026-09-05,AI Assistant,1,0,0.0
2026-09-05,Organic Shopping,1,0,0.0
2026-09-05,Paid Social,1,0,0.0
2026-09-06,Organic Search,43,2,129.67
2026-09-06,Paid Search,32,1,177.42
2026-09-06,Organic Social,23,0,0.0
2026-09-06,Direct,20,0,0.0
2026-09-06,Email,12,0,0.0
2026-09-06,Paid Social,6,0,0.0
2026-09-06,Unassigned,6,0,0.0
2026-09-06,AI Assistant,2,0,0.0
2026-09-06,Paid Other,2,0,0.0
2026-09-06,Cross-network,1,0,0.0
2026-09-06,Organic Shopping,1,0,0.0
2026-09-07,Organic Search,51,0,0.0
2026-09-07,Direct,42,0,0.0
2026-09-07,Paid Search,35,3,216.9
2026-09-07,Email,20,0,0.0
2026-09-07,Unassigned,9,0,0.0
2026-09-07,Paid Social,2,0,0.0
2026-09-07,Referral,2,0,0.0
2026-09-07,AI Assistant,1,0,0.0
2026-09-07,Cross-network,1,0,0.0
2026-09-07,Organic Social,1,0,0.0
2026-09-08,Email,287,7,551.47
2026-09-08,Organic Search,43,1,119.8
2026-09-08,Paid Search,34,0,0.0
2026-09-08,Direct,23,0,0.0
2026-09-08,AI Assistant,5,0,0.0
2026-09-08,Paid Social,4,0,0.0
2026-09-08,Unassigned,4,0,0.0
2026-09-08,Cross-network,2,0,0.0
2026-09-08,Referral,2,0,0.0
2026-09-08,Organic Shopping,1,0,0.0
2026-09-08,Organic Social,1,0,0.0
2026-09-09,Email,85,4,342.78
2026-09-09,Organic Search,47,0,0.0
2026-09-09,Paid Search,47,0,0.0
2026-09-09,Direct,43,0,0.0
2026-09-09,Unassigned,10,0,0.0
2026-09-09,AI Assistant,1,0,0.0
2026-09-09,Cross-network,1,0,0.0
2026-09-09,Organic Shopping,1,0,0.0
2026-09-09,Organic Social,1,0,0.0
2026-09-10,Organic Search,40,0,0.0
2026-09-10,Paid Search,37,0,0.0
2026-09-10,Direct,30,0,0.0
2026-09-10,Email,21,1,159.96
2026-09-10,Unassigned,6,0,0.0
2026-09-10,Cross-network,1,0,0.0
2026-09-10,Paid Social,1,0,0.0
2026-09-11,Paid Search,40,0,0.0
2026-09-11,Organic Search,29,0,0.0
2026-09-11,Direct,17,0,0.0
2026-09-11,Email,8,0,0.0
2026-09-11,Unassigned,4,0,0.0
2026-09-11,Organic Shopping,2,0,0.0
2026-09-11,AI Assistant,1,0,0.0
2026-09-11,Organic Social,1,0,0.0
2026-09-11,Referral,1,0,0.0
2026-09-12,Direct,37,0,0.0
2026-09-12,Paid Search,33,1,39.95
2026-09-12,Organic Search,32,0,0.0
2026-09-12,Email,16,0,0.0
2026-09-12,AI Assistant,4,0,0.0
2026-09-12,Unassigned,3,0,0.0
2026-09-12,Cross-network,1,0,0.0
2026-09-13,Paid Search,54,0,0.0
2026-09-13,Organic Search,47,1,39.99
2026-09-13,Direct,20,0,0.0
2026-09-13,Email,7,0,0.0
2026-09-13,AI Assistant,2,0,0.0
2026-09-13,Unassigned,2,0,0.0
2026-09-14,Paid Search,46,0,0.0
2026-09-14,Organic Search,40,0,0.0
2026-09-14,Direct,31,0,0.0
2026-09-14,Email,14,0,0.0
2026-09-14,Unassigned,6,0,0.0
2026-09-14,AI Assistant,1,0,0.0
2026-09-14,Cross-network,1,0,0.0
2026-09-14,Organic Shopping,1,0,0.0
2026-09-15,Email,292,3,352.24
2026-09-15,Organic Search,48,4,339.33
2026-09-15,Direct,27,1,39.99
2026-09-15,Unassigned,8,0,0.0
2026-09-15,AI Assistant,4,0,0.0
2026-09-15,Paid Search,3,0,0.0
2026-09-15,Organic Social,2,0,0.0
2026-09-15,Paid Social,2,0,0.0
2026-09-15,Organic Shopping,1,0,0.0
2026-09-15,Referral,1,0,0.0
2026-09-16,Email,76,2,263.93
2026-09-16,Organic Search,39,1,31.5
2026-09-16,Direct,24,1,59.9
2026-09-16,Unassigned,7,0,0.0
2026-09-16,AI Assistant,2,0,0.0
2026-09-16,Organic Social,2,0,0.0
2026-09-16,Paid Search,2,0,0.0
2026-09-16,Cross-network,1,0,0.0
2026-09-17,Email,33,1,26.96
2026-09-17,Direct,27,1,89.85
2026-09-17,Organic Search,26,0,0.0
2026-09-17,Unassigned,4,0,0.0
2026-09-17,AI Assistant,3,0,0.0
2026-09-17,Paid Search,1,0,0.0
2026-09-18,Organic Search,31,0,0.0
2026-09-18,Direct,28,0,0.0
2026-09-18,Email,24,0,0.0
2026-09-18,Unassigned,6,0,0.0
2026-09-18,AI Assistant,3,0,0.0
2026-09-18,Referral,2,0,0.0
2026-09-19,Organic Search,39,0,0.0
2026-09-19,Direct,15,0,0.0
2026-09-19,Email,10,0,0.0
2026-09-19,Unassigned,3,0,0.0
2026-09-19,AI Assistant,1,0,0.0
2026-09-20,Organic Search,33,0,0.0
2026-09-20,Direct,16,0,0.0
2026-09-20,Email,12,0,0.0
2026-09-20,AI Assistant,2,0,0.0
2026-09-20,Organic Shopping,1,0,0.0
2026-09-20,Organic Social,1,0,0.0
2026-09-20,Unassigned,1,0,0.0
2026-09-21,Organic Search,34,0,0.0
2026-09-21,Direct,18,0,0.0
2026-09-21,Email,9,0,0.0
2026-09-21,Organic Social,1,0,0.0
2026-09-21,Unassigned,1,0,0.0
2026-09-22,Email,727,24,1152.62
2026-09-22,Organic Search,52,1,29.9
2026-09-22,Direct,37,0,0.0
2026-09-22,Unassigned,16,4,236.0
2026-09-22,Organic Social,5,0,0.0
2026-09-22,Referral,3,0,0.0
2026-09-22,AI Assistant,2,0,0.0
2026-09-23,Email,226,11,528.51
2026-09-23,Organic Search,40,0,0.0
2026-09-23,Direct,24,0,0.0
2026-09-23,Unassigned,7,2,166.95
2026-09-23,Referral,1,0,0.0
2026-09-24,Email,58,1,29.95
2026-09-24,Organic Search,37,0,0.0
2026-09-24,Direct,16,0,0.0
2026-09-24,Unassigned,3,0,0.0
2026-09-24,AI Assistant,2,0,0.0
2026-09-24,Paid Search,2,0,0.0
2026-09-24,Referral,2,0,0.0
2026-09-25,Organic Search,37,0,0.0
2026-09-25,Email,31,0,0.0
2026-09-25,Direct,20,0,0.0
2026-09-25,AI Assistant,3,0,0.0
2026-09-25,Unassigned,3,0,0.0
2026-09-25,Paid Search,1,0,0.0
2026-09-26,Organic Search,43,0,0.0
2026-09-26,Direct,34,0,0.0
2026-09-26,Email,23,0,0.0
2026-09-26,Unassigned,2,1,26.91
2026-09-26,AI Assistant,1,0,0.0
2026-09-26,Paid Search,1,0,0.0
2026-09-27,Organic Search,49,1,114.97
2026-09-27,Email,26,1,29.9
2026-09-27,Direct,22,0,0.0
2026-09-27,AI Assistant,2,0,0.0
2026-09-27,Unassigned,2,0,0.0
2026-09-28,Organic Search,39,0,0.0
2026-09-28,Direct,28,0,0.0
2026-09-28,Email,16,0,0.0
2026-09-28,Unassigned,5,0,0.0
2026-09-28,AI Assistant,1,0,0.0
2026-09-29,Email,383,6,532.17
2026-09-29,Organic Search,51,0,0.0
2026-09-29,Direct,28,0,0.0
2026-09-29,Unassigned,6,4,280.0
2026-09-29,Paid Search,3,0,0.0
2026-09-29,Referral,2,0,0.0
2026-09-30,Email,124,3,178.89
2026-09-30,Organic Search,40,0,0.0
2026-09-30,Direct,30,0,0.0
2026-09-30,AI Assistant,1,0,0.0
2026-09-30,Paid Search,1,0,0.0
2026-09-30,Unassigned,1,0,0.0
2026-10-01,Organic Search,42,1,29.95
2026-10-01,Email,39,3,259.93
2026-10-01,Direct,21,0,0.0
2026-10-01,Unassigned,2,0,0.0
2026-10-01,Organic Shopping,1,0,0.0
2026-10-01,Paid Search,1,0,0.0
2026-10-02,Organic Search,37,0,0.0
2026-10-02,Email,24,1,260.93
2026-10-02,Direct,21,0,0.0
2026-10-02,Unassigned,2,0,0.0
2026-10-02,Organic Shopping,1,0,0.0
2026-10-03,Organic Search,58,1,109.93
2026-10-03,Direct,27,0,0.0
2026-10-03,Email,14,1,62.98
2026-10-03,AI Assistant,4,0,0.0
2026-10-03,Unassigned,3,0,0.0
2026-10-03,Referral,1,0,0.0
2026-10-04,Organic Search,47,1,29.9
2026-10-04,Direct,32,0,0.0
2026-10-04,Email,19,0,0.0
2026-10-04,AI Assistant,3,0,0.0
2026-10-04,Unassigned,2,0,0.0
2026-10-04,Paid Search,1,0,0.0
2026-10-04,Referral,1,0,0.0
