date,meta_spend,meta_conv_value,meta_clicks,sessions,cart_adds,checkouts,purchases,google_spend,google_conv_value,google_clicks,meta_conversions,google_conversions
2026-08-15,,,,313,28,2,3,,,,,
2026-08-16,,,,354,18,5,1,,,,,
2026-08-17,,,,256,19,3,4,,,,,
2026-08-18,,,,656,67,7,12,,,,,
2026-08-19,,,,436,32,2,4,,,,,
2026-08-20,,,,308,23,8,5,,,,,
2026-08-21,,,,342,1,0,0,,,,,
2026-08-22,,,,295,16,5,5,,,,,
2026-08-23,,,,298,15,2,4,,,,,
2026-08-24,,,,283,10,0,1,,,,,
2026-08-25,,,,902,203,30,28,,,,,
2026-08-26,,,,412,73,15,13,,,,,
2026-08-27,,,,226,5,2,0,,,,,
2026-08-28,,,,226,14,9,3,,,,,
2026-08-29,,,,267,29,4,3,,,,,
2026-08-30,,,,169,12,1,2,,,,,
2026-08-31,,,,154,7,0,1,,,,,
2026-09-01,,,,672,49,4,8,,,,,
2026-09-02,,,,319,27,7,6,,,,,
2026-09-03,,,,198,44,2,3,,,,,
2026-09-04,,,,149,27,4,4,,,,,
2026-09-05,0,0,0,111,22,3,2,41.08,101.68,33,0,2.0
2026-09-06,0,0,0,148,34,1,3,40.28,177.42,33,0,1.0
2026-09-07,0,0,0,164,19,3,3,45.3,216.9,39,0,3.0
2026-09-08,0,0,0,406,33,8,8,44.91,0.0,36,0,0.0
2026-09-09,0,0,0,236,18,4,4,41.96,0.0,45,0,0.0
2026-09-10,0,0,0,136,8,2,1,40.7,0.0,39,0,0.0
2026-09-11,0,0,0,103,6,2,0,39.75,0.0,40,0,0.0
2026-09-12,0,0,0,126,4,2,1,40.21,39.95,34,0,1.0
2026-09-13,0,0,0,132,15,1,1,40.36,0.0,50,0,0.0
2026-09-14,0,0,0,140,14,0,0,40.09,0.0,51,0,0.0
2026-09-15,0,0,0,388,77,8,8,1.94,0.0,2,0,0.0
2026-09-16,0,0,0,153,18,4,4,0,0.0,0,0,0.0
2026-09-17,0,0,0,94,4,1,2,0,0.0,0,0,0.0
2026-09-18,0,0,0,94,0,0,0,0,0.0,0,0,0.0
2026-09-19,0,0,0,68,4,0,0,0,0.0,0,0,0.0
2026-09-20,0,0,0,66,3,1,0,0,0.0,0,0,0.0
2026-09-21,0,0,0,63,1,2,0,0,0.0,0,0,0.0
2026-09-22,0,0,0,842,135,30,29,0,0.0,0,0,0.0
2026-09-23,0,0,0,298,77,10,13,0,0.0,0,0,0.0
2026-09-24,0,0,0,120,11,2,1,0,0.0,0,0,0.0
2026-09-25,0,0,0,95,8,3,0,0,0.0,0,0,0.0
2026-09-26,0,0,0,104,14,2,1,0,0.0,0,0,0.0
2026-09-27,0,0,0,101,4,1,2,0,0.0,0,0,0.0
2026-09-28,0,0,0,89,9,2,0,0,0.0,0,0,0.0
2026-09-29,0,0,0,473,62,12,10,0,0.0,0,0,0.0
2026-09-30,0,0,0,197,25,1,3,0,0.0,0,0,0.0
2026-10-01,0,0,0,106,12,1,4,0,0.0,0,0,0.0
2026-10-02,0,0,0,85,17,4,1,0,0.0,0,0,0.0
2026-10-03,0,0,0,107,8,0,2,0,0.0,0,0,0.0
2026-10-04,0,0,0,105,3,1,1,0,0.0,0,0,0.0
2026-10-05,0,0,0,83,7,1,1,0,0.0,0,0,0.0
2026-10-06,0,0,0,90,6,4,3,0,0.0,0,0,0.0
