Date,Keyword,Position,Volume,URL
2026-08-02,1000 pc puzzle,14,2400,/collections/1000-pieces-1
2026-08-02,1000 piece jigsaw puzzles ravensburger,8,1600,/collections/ravensburger
2026-08-02,1000 piece puzzles,8,1900,/collections/1000-pieces-1
2026-08-02,jigsaw puzzles australia,3,1600,/
2026-08-02,jigsaw puzzles for adults,11,1000,/
2026-08-02,one thousand piece puzzle,27,2400,/
2026-08-02,puzzles australia,2,1300,/
2026-08-02,puzzles for adults,14,1900,/
2026-08-02,ravensburger jigsaw puzzles 1000 pieces,7,1300,/collections/ravensburger
2026-08-02,ravensburger puzzles 1000 pieces,7,1000,/collections/ravensburger
2026-08-02,wasgij,35,1600,/collections/wasgij
2026-08-09,1000 pc puzzle,17,2400,/collections/1000-pieces-1
2026-08-09,1000 piece jigsaw puzzles ravensburger,9,1600,/collections/ravensburger
2026-08-09,1000 piece puzzles,11,1900,/collections/1000-pieces-1
2026-08-09,jigsaw puzzles australia,3,1600,/
2026-08-09,jigsaw puzzles for adults,9,1000,/
2026-08-09,one thousand piece puzzle,14,2400,/
2026-08-09,puzzles australia,2,1300,/
2026-08-09,puzzles for adults,11,1900,/
2026-08-09,ravensburger jigsaw puzzles 1000 pieces,7,1300,/collections/ravensburger
2026-08-09,ravensburger puzzles 1000 pieces,7,1000,/collections/ravensburger
2026-08-16,1000 pc puzzle,14,2400,/collections/1000-pieces-1
2026-08-16,1000 piece jigsaw puzzles ravensburger,9,1600,/collections/ravensburger
2026-08-16,1000 piece puzzles,14,1900,/collections/best-sellers
2026-08-16,2000 piece puzzle,9,590,/collections/1000-3000-pieces
2026-08-16,3000 piece puzzle,2,390,/collections/1000-3000-pieces
2026-08-16,australian jigsaw puzzles,13,1600,/
2026-08-16,clementoni puzzles,26,390,/collections/clementoni
2026-08-16,gibsons puzzles,12,210,/collections/gibsons
2026-08-16,jigsaw puzzle board,34,2400,/collections/puzzle-boards
2026-08-16,jigsaw puzzles australia,3,1600,/
2026-08-16,jigsaw puzzles for adults,6,1000,/
2026-08-16,one thousand piece puzzle,16,2400,/
2026-08-16,puzzle board,10,5400,/blogs/the-puzzle-institute/puzzle-boards-mats-and-tables
2026-08-16,puzzles australia,2,1300,/
2026-08-16,puzzles for adults,7,1900,/
2026-08-16,ravensburger jigsaw puzzles 1000 pieces,7,1300,/collections/ravensburger
2026-08-16,ravensburger puzzles,36,5400,/collections/ravensburger
2026-08-16,ravensburger puzzles 1000 pieces,8,1000,/collections/ravensburger
2026-08-16,wasgij,25,1600,/collections/wasgij
